{"mean":{"confidence_interval":{"confidence_level":0.95,"lower_bound":0.0012609008947570691,"upper_bound":0.019117423500583663},"point_estimate":0.010141201111206533,"standard_error":0.004565882700451449},"median":{"confidence_interval":{"confidence_level":0.95,"lower_bound":-0.011603525998941877,"upper_bound":0.013218918437343685},"point_estimate":-0.0063805215731354,"standard_error":0.006864883545806732}}