{"mean":{"confidence_interval":{"confidence_level":0.95,"lower_bound":10088.457296581546,"upper_bound":11371.637499163338},"point_estimate":10730.331428893782,"standard_error":328.25253160184997},"median":{"confidence_interval":{"confidence_level":0.95,"lower_bound":8275.474057971014,"upper_bound":13566.670843776108},"point_estimate":10188.56760989011,"standard_error":1321.863289243121},"median_abs_dev":{"confidence_interval":{"confidence_level":0.95,"lower_bound":1746.3072508498803,"upper_bound":5261.4803577355315},"point_estimate":5144.895782831333,"standard_error":1014.0379121755932},"slope":{"confidence_interval":{"confidence_level":0.95,"lower_bound":9762.058850869867,"upper_bound":11394.381290284147},"point_estimate":10563.788642293483,"standard_error":416.6434312257438},"std_dev":{"confidence_interval":{"confidence_level":0.95,"lower_bound":3109.5715636191603,"upper_bound":3416.1966028103884},"point_estimate":3287.5342490071394,"standard_error":78.19135842314172}}