{"mean":{"confidence_interval":{"confidence_level":0.95,"lower_bound":0.06278239939561878,"upper_bound":0.27070564436152306},"point_estimate":0.1636483422685675,"standard_error":0.05402112249278628},"median":{"confidence_interval":{"confidence_level":0.95,"lower_bound":-0.15035223232360873,"upper_bound":-0.0858016704708974},"point_estimate":-0.12558965931535349,"standard_error":0.01876468771481257}}