{"mean":{"confidence_interval":{"confidence_level":0.95,"lower_bound":-0.01780717531315871,"upper_bound":-0.015807592809816418},"point_estimate":-0.016826318808507268,"standard_error":0.0005068216726253674},"median":{"confidence_interval":{"confidence_level":0.95,"lower_bound":-0.018433460164465676,"upper_bound":-0.01695054761029391},"point_estimate":-0.01766994447730541,"standard_error":0.00038903280692550264}}