{"mean":{"confidence_interval":{"confidence_level":0.95,"lower_bound":-0.03204088334490776,"upper_bound":-0.022141290996831486},"point_estimate":-0.026443450133398883,"standard_error":0.002564541356445585},"median":{"confidence_interval":{"confidence_level":0.95,"lower_bound":-0.028459590452258134,"upper_bound":-0.023027630459658832},"point_estimate":-0.02612480328884592,"standard_error":0.0014127979460187069}}