{"mean":{"confidence_interval":{"confidence_level":0.95,"lower_bound":-0.521171679636787,"upper_bound":-0.38629022284451137},"point_estimate":-0.45795357188117536,"standard_error":0.0345885769705291},"median":{"confidence_interval":{"confidence_level":0.95,"lower_bound":-0.6461348238452383,"upper_bound":-0.6254955235957961},"point_estimate":-0.6418371705646662,"standard_error":0.005196567006318996}}