{"mean":{"confidence_interval":{"confidence_level":0.95,"lower_bound":-0.021697983269477392,"upper_bound":-0.015373889653933388},"point_estimate":-0.01875910899260691,"standard_error":0.001662158842902818},"median":{"confidence_interval":{"confidence_level":0.95,"lower_bound":-0.023508056447499426,"upper_bound":-0.012356341923374203},"point_estimate":-0.017822912073246155,"standard_error":0.003600170241686612}}