{"mean":{"confidence_interval":{"confidence_level":0.95,"lower_bound":0.09367840802966496,"upper_bound":0.24726130902071308},"point_estimate":0.16552057497582018,"standard_error":0.03882623132671184},"median":{"confidence_interval":{"confidence_level":0.95,"lower_bound":-0.10571408485056386,"upper_bound":0.4919214948977806},"point_estimate":0.11720257287883107,"standard_error":0.1489734948099849}}