{"mean":{"confidence_interval":{"confidence_level":0.95,"lower_bound":-0.01539764347285133,"upper_bound":-0.012461885436806994},"point_estimate":-0.01400503494470251,"standard_error":0.0007340829899062203},"median":{"confidence_interval":{"confidence_level":0.95,"lower_bound":-0.014175427108232386,"upper_bound":-0.012061282451560462},"point_estimate":-0.013111729477694678,"standard_error":0.0006004307334586881}}