{"mean":{"confidence_interval":{"confidence_level":0.95,"lower_bound":-0.019686859257811364,"upper_bound":-0.01552335968656241},"point_estimate":-0.017585025044547176,"standard_error":0.0010734903598605327},"median":{"confidence_interval":{"confidence_level":0.95,"lower_bound":-0.022542268739427773,"upper_bound":-0.010534875159742744},"point_estimate":-0.016418480978630634,"standard_error":0.003164559617387464}}